{
  "stage": "stage3_finetune",
  "subset": "val",
  "sample_count": 16,
  "batches_seen": 9,
  "identity": {
    "total": 0.9237418531400292,
    "edge": 0.8937239603825151,
    "line": 0.9900567413837749,
    "grad": 0.9994145796260004,
    "ssim": 0.79783508847997,
    "mae": 0.9773979655583389,
    "hard_fail": 0.0
  },
  "model": {
    "total": 0.9384107622596813,
    "edge": 0.9010776594952392,
    "line": 0.9919269983608323,
    "grad": 0.9992180551639938,
    "ssim": 0.8714547182451156,
    "mae": 0.9835660231183283,
    "hard_fail": 0.0
  },
  "delta_model_minus_identity": {
    "total": 0.01466890911965213,
    "edge": 0.007353699112724099,
    "line": 0.0018702569770574495,
    "grad": -0.00019652446200668638,
    "ssim": 0.07361962976514558,
    "mae": 0.006168057559989393,
    "hard_fail": 0.0
  },
  "checkpoint": "outputs/runs/stage3_finetune/best.pt"
}