{
  "stage": "stage1_param_only",
  "subset": "val",
  "sample_count": 16,
  "batches_seen": 9,
  "identity": {
    "total": 0.9237418531400292,
    "edge": 0.8937239603825151,
    "line": 0.9900567413837749,
    "grad": 0.9994145796260004,
    "ssim": 0.79783508847997,
    "mae": 0.9773979655583389,
    "hard_fail": 0.0
  },
  "model": {
    "total": 0.9336390215289081,
    "edge": 0.9021259593018479,
    "line": 0.9899688556658813,
    "grad": 0.9990572174342491,
    "ssim": 0.8406552036045881,
    "mae": 0.9813381976564415,
    "hard_fail": 0.0
  },
  "delta_model_minus_identity": {
    "total": 0.009897168388878885,
    "edge": 0.008401998919332798,
    "line": -8.788571789353217e-05,
    "grad": -0.00035736219175130923,
    "ssim": 0.04282011512461814,
    "mae": 0.00394023209810257,
    "hard_fail": 0.0
  },
  "checkpoint": "outputs/runs/stage1_param_only/best.pt"
}