{
  "stage": "stage2_hybrid",
  "subset": "val",
  "sample_count": 16,
  "batches_seen": 9,
  "identity": {
    "total": 0.9237418531400292,
    "edge": 0.8937239603825151,
    "line": 0.9900567413837749,
    "grad": 0.9994145796260004,
    "ssim": 0.79783508847997,
    "mae": 0.9773979655583389,
    "hard_fail": 0.0
  },
  "model": {
    "total": 0.9384235657578328,
    "edge": 0.9011897578099451,
    "line": 0.991728511497749,
    "grad": 0.9992230872889771,
    "ssim": 0.8715269334461092,
    "mae": 0.9835638875083532,
    "hard_fail": 0.0
  },
  "delta_model_minus_identity": {
    "total": 0.0146817126178036,
    "edge": 0.007465797427430032,
    "line": 0.0016717701139741248,
    "grad": -0.00019149233702331347,
    "ssim": 0.07369184496613923,
    "mae": 0.006165921950014308,
    "hard_fail": 0.0
  },
  "checkpoint": "outputs/runs/stage2_hybrid/best.pt"
}